run_accession	sample_alias	fastq_ftp
ERR4398703	FR_turkey_farm508_bio1_tech1	ftp.sra.ebi.ac.uk/vol1/fastq/ERR439/003/ERR4398703/ERR4398703_1.fastq.gz;ftp.sra.ebi.ac.uk/vol1/fastq/ERR439/003/ERR4398703/ERR4398703_2.fastq.gz
ERR4398704	FR_turkey_farm510_bio1_tech1	ftp.sra.ebi.ac.uk/vol1/fastq/ERR439/004/ERR4398704/ERR4398704_1.fastq.gz;ftp.sra.ebi.ac.uk/vol1/fastq/ERR439/004/ERR4398704/ERR4398704_2.fastq.gz
ERR4398709	FR_turkey_farm517_bio1_tech1	ftp.sra.ebi.ac.uk/vol1/fastq/ERR439/009/ERR4398709/ERR4398709_1.fastq.gz;ftp.sra.ebi.ac.uk/vol1/fastq/ERR439/009/ERR4398709/ERR4398709_2.fastq.gz
ERR4398713	ES_turkey_farm051_bio1_tech1	ftp.sra.ebi.ac.uk/vol1/fastq/ERR439/003/ERR4398713/ERR4398713_1.fastq.gz;ftp.sra.ebi.ac.uk/vol1/fastq/ERR439/003/ERR4398713/ERR4398713_2.fastq.gz
ERR4398718	ES_turkey_farm048_bio1_tech1	ftp.sra.ebi.ac.uk/vol1/fastq/ERR439/008/ERR4398718/ERR4398718_1.fastq.gz;ftp.sra.ebi.ac.uk/vol1/fastq/ERR439/008/ERR4398718/ERR4398718_2.fastq.gz
ERR4398720	ES_turkey_farm046_bio1_tech1	ftp.sra.ebi.ac.uk/vol1/fastq/ERR439/000/ERR4398720/ERR4398720_1.fastq.gz;ftp.sra.ebi.ac.uk/vol1/fastq/ERR439/000/ERR4398720/ERR4398720_2.fastq.gz
ERR4398722	ES_turkey_farm060_bio1_tech2	ftp.sra.ebi.ac.uk/vol1/fastq/ERR439/002/ERR4398722/ERR4398722_1.fastq.gz;ftp.sra.ebi.ac.uk/vol1/fastq/ERR439/002/ERR4398722/ERR4398722_2.fastq.gz
ERR4398724	ES_turkey_farm055_bio1_tech1	ftp.sra.ebi.ac.uk/vol1/fastq/ERR439/004/ERR4398724/ERR4398724_1.fastq.gz;ftp.sra.ebi.ac.uk/vol1/fastq/ERR439/004/ERR4398724/ERR4398724_2.fastq.gz
ERR4398734	ES_turkey_farm062_bio2_tech1	ftp.sra.ebi.ac.uk/vol1/fastq/ERR439/004/ERR4398734/ERR4398734_1.fastq.gz;ftp.sra.ebi.ac.uk/vol1/fastq/ERR439/004/ERR4398734/ERR4398734_2.fastq.gz
ERR4398740	DE_turkey_farm046_bio1_tech1	ftp.sra.ebi.ac.uk/vol1/fastq/ERR439/000/ERR4398740/ERR4398740_1.fastq.gz;ftp.sra.ebi.ac.uk/vol1/fastq/ERR439/000/ERR4398740/ERR4398740_2.fastq.gz
ERR4398744	DE_turkey_farm050_bio1_tech1	ftp.sra.ebi.ac.uk/vol1/fastq/ERR439/004/ERR4398744/ERR4398744_1.fastq.gz;ftp.sra.ebi.ac.uk/vol1/fastq/ERR439/004/ERR4398744/ERR4398744_2.fastq.gz
ERR4398746	DE_turkey_farm051_bio1_tech1	ftp.sra.ebi.ac.uk/vol1/fastq/ERR439/006/ERR4398746/ERR4398746_1.fastq.gz;ftp.sra.ebi.ac.uk/vol1/fastq/ERR439/006/ERR4398746/ERR4398746_2.fastq.gz
ERR4398749	FR_veal_farm411_bio1_tech1	ftp.sra.ebi.ac.uk/vol1/fastq/ERR439/009/ERR4398749/ERR4398749_1.fastq.gz;ftp.sra.ebi.ac.uk/vol1/fastq/ERR439/009/ERR4398749/ERR4398749_2.fastq.gz
ERR4398750	FR_veal_farm412_bio1_tech1	ftp.sra.ebi.ac.uk/vol1/fastq/ERR439/000/ERR4398750/ERR4398750_1.fastq.gz;ftp.sra.ebi.ac.uk/vol1/fastq/ERR439/000/ERR4398750/ERR4398750_2.fastq.gz
ERR4398755	FR_veal_farm417_bio1_tech1	ftp.sra.ebi.ac.uk/vol1/fastq/ERR439/005/ERR4398755/ERR4398755_1.fastq.gz;ftp.sra.ebi.ac.uk/vol1/fastq/ERR439/005/ERR4398755/ERR4398755_2.fastq.gz
ERR4398759	DE_veal_farm026_bio1_tech1	ftp.sra.ebi.ac.uk/vol1/fastq/ERR439/009/ERR4398759/ERR4398759_1.fastq.gz;ftp.sra.ebi.ac.uk/vol1/fastq/ERR439/009/ERR4398759/ERR4398759_2.fastq.gz
ERR4398770	NL_veal_farm105_bio1_tech1	ftp.sra.ebi.ac.uk/vol1/fastq/ERR439/000/ERR4398770/ERR4398770_1.fastq.gz;ftp.sra.ebi.ac.uk/vol1/fastq/ERR439/000/ERR4398770/ERR4398770_2.fastq.gz
ERR4398776	NL_veal_farm111_bio1_tech1	ftp.sra.ebi.ac.uk/vol1/fastq/ERR439/006/ERR4398776/ERR4398776_1.fastq.gz;ftp.sra.ebi.ac.uk/vol1/fastq/ERR439/006/ERR4398776/ERR4398776_2.fastq.gz
ERR4398777	NL_veal_farm112_bio1_tech1	ftp.sra.ebi.ac.uk/vol1/fastq/ERR439/007/ERR4398777/ERR4398777_1.fastq.gz;ftp.sra.ebi.ac.uk/vol1/fastq/ERR439/007/ERR4398777/ERR4398777_2.fastq.gz
ERR4398778	NL_veal_farm113_bio1_tech1	ftp.sra.ebi.ac.uk/vol1/fastq/ERR439/008/ERR4398778/ERR4398778_1.fastq.gz;ftp.sra.ebi.ac.uk/vol1/fastq/ERR439/008/ERR4398778/ERR4398778_2.fastq.gz
ERR4398788	NL_veal_farm115_bio1_tech1	ftp.sra.ebi.ac.uk/vol1/fastq/ERR439/008/ERR4398788/ERR4398788_1.fastq.gz;ftp.sra.ebi.ac.uk/vol1/fastq/ERR439/008/ERR4398788/ERR4398788_2.fastq.gz
ERR4398802	DE_veal_farm036_bio1_tech1	ftp.sra.ebi.ac.uk/vol1/fastq/ERR439/002/ERR4398802/ERR4398802_1.fastq.gz;ftp.sra.ebi.ac.uk/vol1/fastq/ERR439/002/ERR4398802/ERR4398802_2.fastq.gz
ERR4398814	FR_veal_farm407_bio1_tech1	ftp.sra.ebi.ac.uk/vol1/fastq/ERR439/004/ERR4398814/ERR4398814_1.fastq.gz;ftp.sra.ebi.ac.uk/vol1/fastq/ERR439/004/ERR4398814/ERR4398814_2.fastq.gz
ERR4398815	FR_veal_farm408_bio1_tech1	ftp.sra.ebi.ac.uk/vol1/fastq/ERR439/005/ERR4398815/ERR4398815_1.fastq.gz;ftp.sra.ebi.ac.uk/vol1/fastq/ERR439/005/ERR4398815/ERR4398815_2.fastq.gz
ERR4398821	DE_turkey_farm057_bio1_tech1	ftp.sra.ebi.ac.uk/vol1/fastq/ERR439/001/ERR4398821/ERR4398821_1.fastq.gz;ftp.sra.ebi.ac.uk/vol1/fastq/ERR439/001/ERR4398821/ERR4398821_2.fastq.gz
ERR4398824	DE_turkey_farm060_bio1_tech1	ftp.sra.ebi.ac.uk/vol1/fastq/ERR439/004/ERR4398824/ERR4398824_1.fastq.gz;ftp.sra.ebi.ac.uk/vol1/fastq/ERR439/004/ERR4398824/ERR4398824_2.fastq.gz
ERR4398702	FR_turkey_farm507_bio1_tech1	ftp.sra.ebi.ac.uk/vol1/fastq/ERR439/002/ERR4398702/ERR4398702_1.fastq.gz;ftp.sra.ebi.ac.uk/vol1/fastq/ERR439/002/ERR4398702/ERR4398702_2.fastq.gz
ERR4398708	FR_turkey_farm516_bio1_tech1	ftp.sra.ebi.ac.uk/vol1/fastq/ERR439/008/ERR4398708/ERR4398708_1.fastq.gz;ftp.sra.ebi.ac.uk/vol1/fastq/ERR439/008/ERR4398708/ERR4398708_2.fastq.gz
ERR4398710	FR_turkey_farm518_bio1_tech1	ftp.sra.ebi.ac.uk/vol1/fastq/ERR439/000/ERR4398710/ERR4398710_1.fastq.gz;ftp.sra.ebi.ac.uk/vol1/fastq/ERR439/000/ERR4398710/ERR4398710_2.fastq.gz
ERR4398715	ES_turkey_farm060_bio1_tech1	ftp.sra.ebi.ac.uk/vol1/fastq/ERR439/005/ERR4398715/ERR4398715_1.fastq.gz;ftp.sra.ebi.ac.uk/vol1/fastq/ERR439/005/ERR4398715/ERR4398715_2.fastq.gz
ERR4398721	ES_turkey_farm052_bio1_tech2	ftp.sra.ebi.ac.uk/vol1/fastq/ERR439/001/ERR4398721/ERR4398721_1.fastq.gz;ftp.sra.ebi.ac.uk/vol1/fastq/ERR439/001/ERR4398721/ERR4398721_2.fastq.gz
ERR4398729	ES_turkey_farm058_bio1_tech1	ftp.sra.ebi.ac.uk/vol1/fastq/ERR439/009/ERR4398729/ERR4398729_1.fastq.gz;ftp.sra.ebi.ac.uk/vol1/fastq/ERR439/009/ERR4398729/ERR4398729_2.fastq.gz
ERR4398730	ES_turkey_farm057_bio1_tech1	ftp.sra.ebi.ac.uk/vol1/fastq/ERR439/000/ERR4398730/ERR4398730_1.fastq.gz;ftp.sra.ebi.ac.uk/vol1/fastq/ERR439/000/ERR4398730/ERR4398730_2.fastq.gz
ERR4398735	DE_turkey_farm041_bio1_tech1	ftp.sra.ebi.ac.uk/vol1/fastq/ERR439/005/ERR4398735/ERR4398735_1.fastq.gz;ftp.sra.ebi.ac.uk/vol1/fastq/ERR439/005/ERR4398735/ERR4398735_2.fastq.gz
ERR4398736	DE_turkey_farm042_bio1_tech1	ftp.sra.ebi.ac.uk/vol1/fastq/ERR439/006/ERR4398736/ERR4398736_1.fastq.gz;ftp.sra.ebi.ac.uk/vol1/fastq/ERR439/006/ERR4398736/ERR4398736_2.fastq.gz
ERR4398738	DE_turkey_farm044_bio1_tech1	ftp.sra.ebi.ac.uk/vol1/fastq/ERR439/008/ERR4398738/ERR4398738_1.fastq.gz;ftp.sra.ebi.ac.uk/vol1/fastq/ERR439/008/ERR4398738/ERR4398738_2.fastq.gz
ERR4398741	DE_turkey_farm040_bio1_tech1	ftp.sra.ebi.ac.uk/vol1/fastq/ERR439/001/ERR4398741/ERR4398741_1.fastq.gz;ftp.sra.ebi.ac.uk/vol1/fastq/ERR439/001/ERR4398741/ERR4398741_2.fastq.gz
ERR4398745	DE_turkey_farm091_bio1_tech1	ftp.sra.ebi.ac.uk/vol1/fastq/ERR439/005/ERR4398745/ERR4398745_1.fastq.gz;ftp.sra.ebi.ac.uk/vol1/fastq/ERR439/005/ERR4398745/ERR4398745_2.fastq.gz
ERR4398758	FR_veal_farm420_bio1_tech1	ftp.sra.ebi.ac.uk/vol1/fastq/ERR439/008/ERR4398758/ERR4398758_1.fastq.gz;ftp.sra.ebi.ac.uk/vol1/fastq/ERR439/008/ERR4398758/ERR4398758_2.fastq.gz
ERR4398764	DE_veal_farm024_bio1_tech1	ftp.sra.ebi.ac.uk/vol1/fastq/ERR439/004/ERR4398764/ERR4398764_1.fastq.gz;ftp.sra.ebi.ac.uk/vol1/fastq/ERR439/004/ERR4398764/ERR4398764_2.fastq.gz
ERR4398774	NL_veal_farm109_bio1_tech1	ftp.sra.ebi.ac.uk/vol1/fastq/ERR439/004/ERR4398774/ERR4398774_1.fastq.gz;ftp.sra.ebi.ac.uk/vol1/fastq/ERR439/004/ERR4398774/ERR4398774_2.fastq.gz
ERR4398784	ES_turkey_farm052_bio2_tech1	ftp.sra.ebi.ac.uk/vol1/fastq/ERR439/004/ERR4398784/ERR4398784_1.fastq.gz;ftp.sra.ebi.ac.uk/vol1/fastq/ERR439/004/ERR4398784/ERR4398784_2.fastq.gz
ERR4398786	ES_turkey_farm057_bio2_tech1	ftp.sra.ebi.ac.uk/vol1/fastq/ERR439/006/ERR4398786/ERR4398786_1.fastq.gz;ftp.sra.ebi.ac.uk/vol1/fastq/ERR439/006/ERR4398786/ERR4398786_2.fastq.gz
ERR4398794	DE_veal_farm027_bio1_tech1	ftp.sra.ebi.ac.uk/vol1/fastq/ERR439/004/ERR4398794/ERR4398794_1.fastq.gz;ftp.sra.ebi.ac.uk/vol1/fastq/ERR439/004/ERR4398794/ERR4398794_2.fastq.gz
ERR4398795	DE_veal_farm028_bio1_tech1	ftp.sra.ebi.ac.uk/vol1/fastq/ERR439/005/ERR4398795/ERR4398795_1.fastq.gz;ftp.sra.ebi.ac.uk/vol1/fastq/ERR439/005/ERR4398795/ERR4398795_2.fastq.gz
ERR4398799	DE_veal_farm033_bio1_tech1	ftp.sra.ebi.ac.uk/vol1/fastq/ERR439/009/ERR4398799/ERR4398799_1.fastq.gz;ftp.sra.ebi.ac.uk/vol1/fastq/ERR439/009/ERR4398799/ERR4398799_2.fastq.gz
ERR4398800	DE_veal_farm034_bio1_tech1	ftp.sra.ebi.ac.uk/vol1/fastq/ERR439/000/ERR4398800/ERR4398800_1.fastq.gz;ftp.sra.ebi.ac.uk/vol1/fastq/ERR439/000/ERR4398800/ERR4398800_2.fastq.gz
ERR4398806	DE_veal_farm040_bio1_tech1	ftp.sra.ebi.ac.uk/vol1/fastq/ERR439/006/ERR4398806/ERR4398806_1.fastq.gz;ftp.sra.ebi.ac.uk/vol1/fastq/ERR439/006/ERR4398806/ERR4398806_2.fastq.gz
ERR4398809	FR_veal_farm402_bio1_tech1	ftp.sra.ebi.ac.uk/vol1/fastq/ERR439/009/ERR4398809/ERR4398809_1.fastq.gz;ftp.sra.ebi.ac.uk/vol1/fastq/ERR439/009/ERR4398809/ERR4398809_2.fastq.gz
ERR4398810	FR_veal_farm403_bio1_tech1	ftp.sra.ebi.ac.uk/vol1/fastq/ERR439/000/ERR4398810/ERR4398810_1.fastq.gz;ftp.sra.ebi.ac.uk/vol1/fastq/ERR439/000/ERR4398810/ERR4398810_2.fastq.gz
ERR4398816	DE_turkey_farm047_bio1_tech1	ftp.sra.ebi.ac.uk/vol1/fastq/ERR439/006/ERR4398816/ERR4398816_1.fastq.gz;ftp.sra.ebi.ac.uk/vol1/fastq/ERR439/006/ERR4398816/ERR4398816_2.fastq.gz
ERR4398818	DE_turkey_farm053_bio1_tech1	ftp.sra.ebi.ac.uk/vol1/fastq/ERR439/008/ERR4398818/ERR4398818_1.fastq.gz;ftp.sra.ebi.ac.uk/vol1/fastq/ERR439/008/ERR4398818/ERR4398818_2.fastq.gz
ERR4398822	DE_turkey_farm058_bio1_tech1	ftp.sra.ebi.ac.uk/vol1/fastq/ERR439/002/ERR4398822/ERR4398822_1.fastq.gz;ftp.sra.ebi.ac.uk/vol1/fastq/ERR439/002/ERR4398822/ERR4398822_2.fastq.gz
ERR4398825	FR_turkey_farm501_bio1_tech1	ftp.sra.ebi.ac.uk/vol1/fastq/ERR439/005/ERR4398825/ERR4398825_1.fastq.gz;ftp.sra.ebi.ac.uk/vol1/fastq/ERR439/005/ERR4398825/ERR4398825_2.fastq.gz
ERR4398826	FR_turkey_farm502_bio1_tech1	ftp.sra.ebi.ac.uk/vol1/fastq/ERR439/006/ERR4398826/ERR4398826_1.fastq.gz;ftp.sra.ebi.ac.uk/vol1/fastq/ERR439/006/ERR4398826/ERR4398826_2.fastq.gz
ERR4398705	FR_turkey_farm511_bio1_tech1	ftp.sra.ebi.ac.uk/vol1/fastq/ERR439/005/ERR4398705/ERR4398705_1.fastq.gz;ftp.sra.ebi.ac.uk/vol1/fastq/ERR439/005/ERR4398705/ERR4398705_2.fastq.gz
ERR4398711	FR_turkey_farm519_bio1_tech1	ftp.sra.ebi.ac.uk/vol1/fastq/ERR439/001/ERR4398711/ERR4398711_1.fastq.gz;ftp.sra.ebi.ac.uk/vol1/fastq/ERR439/001/ERR4398711/ERR4398711_2.fastq.gz
ERR4398727	ES_turkey_farm061_bio1_tech1	ftp.sra.ebi.ac.uk/vol1/fastq/ERR439/007/ERR4398727/ERR4398727_1.fastq.gz;ftp.sra.ebi.ac.uk/vol1/fastq/ERR439/007/ERR4398727/ERR4398727_2.fastq.gz
ERR4398731	ES_turkey_farm062_bio1_tech1	ftp.sra.ebi.ac.uk/vol1/fastq/ERR439/001/ERR4398731/ERR4398731_1.fastq.gz;ftp.sra.ebi.ac.uk/vol1/fastq/ERR439/001/ERR4398731/ERR4398731_2.fastq.gz
ERR4398733	ES_turkey_farm063_bio1_tech1	ftp.sra.ebi.ac.uk/vol1/fastq/ERR439/003/ERR4398733/ERR4398733_1.fastq.gz;ftp.sra.ebi.ac.uk/vol1/fastq/ERR439/003/ERR4398733/ERR4398733_2.fastq.gz
ERR4398743	DE_turkey_farm049_bio1_tech1	ftp.sra.ebi.ac.uk/vol1/fastq/ERR439/003/ERR4398743/ERR4398743_1.fastq.gz;ftp.sra.ebi.ac.uk/vol1/fastq/ERR439/003/ERR4398743/ERR4398743_2.fastq.gz
ERR4398753	FR_veal_farm415_bio1_tech1	ftp.sra.ebi.ac.uk/vol1/fastq/ERR439/003/ERR4398753/ERR4398753_1.fastq.gz;ftp.sra.ebi.ac.uk/vol1/fastq/ERR439/003/ERR4398753/ERR4398753_2.fastq.gz
ERR4398756	FR_veal_farm418_bio1_tech1	ftp.sra.ebi.ac.uk/vol1/fastq/ERR439/006/ERR4398756/ERR4398756_1.fastq.gz;ftp.sra.ebi.ac.uk/vol1/fastq/ERR439/006/ERR4398756/ERR4398756_2.fastq.gz
ERR4398757	FR_veal_farm419_bio1_tech1	ftp.sra.ebi.ac.uk/vol1/fastq/ERR439/007/ERR4398757/ERR4398757_1.fastq.gz;ftp.sra.ebi.ac.uk/vol1/fastq/ERR439/007/ERR4398757/ERR4398757_2.fastq.gz
ERR4398760	DE_veal_farm023_bio1_tech1	ftp.sra.ebi.ac.uk/vol1/fastq/ERR439/000/ERR4398760/ERR4398760_1.fastq.gz;ftp.sra.ebi.ac.uk/vol1/fastq/ERR439/000/ERR4398760/ERR4398760_2.fastq.gz
ERR4398762	DE_veal_farm020_bio1_tech1	ftp.sra.ebi.ac.uk/vol1/fastq/ERR439/002/ERR4398762/ERR4398762_1.fastq.gz;ftp.sra.ebi.ac.uk/vol1/fastq/ERR439/002/ERR4398762/ERR4398762_2.fastq.gz
ERR4398767	NL_veal_farm102_bio1_tech1	ftp.sra.ebi.ac.uk/vol1/fastq/ERR439/007/ERR4398767/ERR4398767_1.fastq.gz;ftp.sra.ebi.ac.uk/vol1/fastq/ERR439/007/ERR4398767/ERR4398767_2.fastq.gz
ERR4398769	NL_veal_farm104_bio1_tech1	ftp.sra.ebi.ac.uk/vol1/fastq/ERR439/009/ERR4398769/ERR4398769_1.fastq.gz;ftp.sra.ebi.ac.uk/vol1/fastq/ERR439/009/ERR4398769/ERR4398769_2.fastq.gz
ERR4398775	NL_veal_farm110_bio1_tech1	ftp.sra.ebi.ac.uk/vol1/fastq/ERR439/005/ERR4398775/ERR4398775_1.fastq.gz;ftp.sra.ebi.ac.uk/vol1/fastq/ERR439/005/ERR4398775/ERR4398775_2.fastq.gz
ERR4398779	NL_veal_farm114_bio1_tech1	ftp.sra.ebi.ac.uk/vol1/fastq/ERR439/009/ERR4398779/ERR4398779_1.fastq.gz;ftp.sra.ebi.ac.uk/vol1/fastq/ERR439/009/ERR4398779/ERR4398779_2.fastq.gz
ERR4398783	ES_turkey_farm048_bio2_tech1	ftp.sra.ebi.ac.uk/vol1/fastq/ERR439/003/ERR4398783/ERR4398783_1.fastq.gz;ftp.sra.ebi.ac.uk/vol1/fastq/ERR439/003/ERR4398783/ERR4398783_2.fastq.gz
ERR4398785	ES_turkey_farm052_bio2_tech2	ftp.sra.ebi.ac.uk/vol1/fastq/ERR439/005/ERR4398785/ERR4398785_1.fastq.gz;ftp.sra.ebi.ac.uk/vol1/fastq/ERR439/005/ERR4398785/ERR4398785_2.fastq.gz
ERR4398792	NL_veal_farm119_bio1_tech1	ftp.sra.ebi.ac.uk/vol1/fastq/ERR439/002/ERR4398792/ERR4398792_1.fastq.gz;ftp.sra.ebi.ac.uk/vol1/fastq/ERR439/002/ERR4398792/ERR4398792_2.fastq.gz
ERR4398796	DE_veal_farm029_bio1_tech1	ftp.sra.ebi.ac.uk/vol1/fastq/ERR439/006/ERR4398796/ERR4398796_1.fastq.gz;ftp.sra.ebi.ac.uk/vol1/fastq/ERR439/006/ERR4398796/ERR4398796_2.fastq.gz
ERR4398801	DE_veal_farm035_bio1_tech1	ftp.sra.ebi.ac.uk/vol1/fastq/ERR439/001/ERR4398801/ERR4398801_1.fastq.gz;ftp.sra.ebi.ac.uk/vol1/fastq/ERR439/001/ERR4398801/ERR4398801_2.fastq.gz
ERR4398804	DE_veal_farm038_bio1_tech1	ftp.sra.ebi.ac.uk/vol1/fastq/ERR439/004/ERR4398804/ERR4398804_1.fastq.gz;ftp.sra.ebi.ac.uk/vol1/fastq/ERR439/004/ERR4398804/ERR4398804_2.fastq.gz
ERR4398808	FR_veal_farm401_bio1_tech1	ftp.sra.ebi.ac.uk/vol1/fastq/ERR439/008/ERR4398808/ERR4398808_1.fastq.gz;ftp.sra.ebi.ac.uk/vol1/fastq/ERR439/008/ERR4398808/ERR4398808_2.fastq.gz
ERR4398812	FR_veal_farm405_bio1_tech1	ftp.sra.ebi.ac.uk/vol1/fastq/ERR439/002/ERR4398812/ERR4398812_1.fastq.gz;ftp.sra.ebi.ac.uk/vol1/fastq/ERR439/002/ERR4398812/ERR4398812_2.fastq.gz
ERR4398828	FR_turkey_farm505_bio1_tech1	ftp.sra.ebi.ac.uk/vol1/fastq/ERR439/008/ERR4398828/ERR4398828_1.fastq.gz;ftp.sra.ebi.ac.uk/vol1/fastq/ERR439/008/ERR4398828/ERR4398828_2.fastq.gz
ERR4398830	FR_turkey_farm509_bio1_tech1	ftp.sra.ebi.ac.uk/vol1/fastq/ERR439/000/ERR4398830/ERR4398830_1.fastq.gz;ftp.sra.ebi.ac.uk/vol1/fastq/ERR439/000/ERR4398830/ERR4398830_2.fastq.gz
ERR4398706	FR_turkey_farm513_bio1_tech1	ftp.sra.ebi.ac.uk/vol1/fastq/ERR439/006/ERR4398706/ERR4398706_1.fastq.gz;ftp.sra.ebi.ac.uk/vol1/fastq/ERR439/006/ERR4398706/ERR4398706_2.fastq.gz
ERR4398707	FR_turkey_farm515_bio1_tech1	ftp.sra.ebi.ac.uk/vol1/fastq/ERR439/007/ERR4398707/ERR4398707_1.fastq.gz;ftp.sra.ebi.ac.uk/vol1/fastq/ERR439/007/ERR4398707/ERR4398707_2.fastq.gz
ERR4398712	FR_turkey_farm520_bio1_tech1	ftp.sra.ebi.ac.uk/vol1/fastq/ERR439/002/ERR4398712/ERR4398712_1.fastq.gz;ftp.sra.ebi.ac.uk/vol1/fastq/ERR439/002/ERR4398712/ERR4398712_2.fastq.gz
ERR4398716	ES_turkey_farm044_bio1_tech1	ftp.sra.ebi.ac.uk/vol1/fastq/ERR439/006/ERR4398716/ERR4398716_1.fastq.gz;ftp.sra.ebi.ac.uk/vol1/fastq/ERR439/006/ERR4398716/ERR4398716_2.fastq.gz
ERR4398742	DE_turkey_farm048_bio1_tech1	ftp.sra.ebi.ac.uk/vol1/fastq/ERR439/002/ERR4398742/ERR4398742_1.fastq.gz;ftp.sra.ebi.ac.uk/vol1/fastq/ERR439/002/ERR4398742/ERR4398742_2.fastq.gz
ERR4398748	FR_veal_farm410_bio1_tech1	ftp.sra.ebi.ac.uk/vol1/fastq/ERR439/008/ERR4398748/ERR4398748_1.fastq.gz;ftp.sra.ebi.ac.uk/vol1/fastq/ERR439/008/ERR4398748/ERR4398748_2.fastq.gz
ERR4398752	FR_veal_farm414_bio1_tech1	ftp.sra.ebi.ac.uk/vol1/fastq/ERR439/002/ERR4398752/ERR4398752_1.fastq.gz;ftp.sra.ebi.ac.uk/vol1/fastq/ERR439/002/ERR4398752/ERR4398752_2.fastq.gz
ERR4398765	DE_veal_farm025_bio1_tech1	ftp.sra.ebi.ac.uk/vol1/fastq/ERR439/005/ERR4398765/ERR4398765_1.fastq.gz;ftp.sra.ebi.ac.uk/vol1/fastq/ERR439/005/ERR4398765/ERR4398765_2.fastq.gz
ERR4398766	NL_veal_farm101_bio1_tech1	ftp.sra.ebi.ac.uk/vol1/fastq/ERR439/006/ERR4398766/ERR4398766_1.fastq.gz;ftp.sra.ebi.ac.uk/vol1/fastq/ERR439/006/ERR4398766/ERR4398766_2.fastq.gz
ERR4398768	NL_veal_farm103_bio1_tech1	ftp.sra.ebi.ac.uk/vol1/fastq/ERR439/008/ERR4398768/ERR4398768_1.fastq.gz;ftp.sra.ebi.ac.uk/vol1/fastq/ERR439/008/ERR4398768/ERR4398768_2.fastq.gz
ERR4398771	NL_veal_farm106_bio1_tech1	ftp.sra.ebi.ac.uk/vol1/fastq/ERR439/001/ERR4398771/ERR4398771_1.fastq.gz;ftp.sra.ebi.ac.uk/vol1/fastq/ERR439/001/ERR4398771/ERR4398771_2.fastq.gz
ERR4398773	NL_veal_farm108_bio1_tech1	ftp.sra.ebi.ac.uk/vol1/fastq/ERR439/003/ERR4398773/ERR4398773_1.fastq.gz;ftp.sra.ebi.ac.uk/vol1/fastq/ERR439/003/ERR4398773/ERR4398773_2.fastq.gz
ERR4398781	DE_turkey_farm049_bio1_tech2	ftp.sra.ebi.ac.uk/vol1/fastq/ERR439/001/ERR4398781/ERR4398781_1.fastq.gz;ftp.sra.ebi.ac.uk/vol1/fastq/ERR439/001/ERR4398781/ERR4398781_2.fastq.gz
ERR4398787	NL_veal_farm100_bio1_tech1	ftp.sra.ebi.ac.uk/vol1/fastq/ERR439/007/ERR4398787/ERR4398787_1.fastq.gz;ftp.sra.ebi.ac.uk/vol1/fastq/ERR439/007/ERR4398787/ERR4398787_2.fastq.gz
ERR4398790	NL_veal_farm117_bio1_tech1	ftp.sra.ebi.ac.uk/vol1/fastq/ERR439/000/ERR4398790/ERR4398790_1.fastq.gz;ftp.sra.ebi.ac.uk/vol1/fastq/ERR439/000/ERR4398790/ERR4398790_2.fastq.gz
ERR4398791	NL_veal_farm118_bio1_tech1	ftp.sra.ebi.ac.uk/vol1/fastq/ERR439/001/ERR4398791/ERR4398791_1.fastq.gz;ftp.sra.ebi.ac.uk/vol1/fastq/ERR439/001/ERR4398791/ERR4398791_2.fastq.gz
ERR4398797	DE_veal_farm030_bio1_tech1	ftp.sra.ebi.ac.uk/vol1/fastq/ERR439/007/ERR4398797/ERR4398797_1.fastq.gz;ftp.sra.ebi.ac.uk/vol1/fastq/ERR439/007/ERR4398797/ERR4398797_2.fastq.gz
ERR4398798	DE_veal_farm031_bio1_tech1	ftp.sra.ebi.ac.uk/vol1/fastq/ERR439/008/ERR4398798/ERR4398798_1.fastq.gz;ftp.sra.ebi.ac.uk/vol1/fastq/ERR439/008/ERR4398798/ERR4398798_2.fastq.gz
ERR4398811	FR_veal_farm404_bio1_tech1	ftp.sra.ebi.ac.uk/vol1/fastq/ERR439/001/ERR4398811/ERR4398811_1.fastq.gz;ftp.sra.ebi.ac.uk/vol1/fastq/ERR439/001/ERR4398811/ERR4398811_2.fastq.gz
ERR4398820	DE_turkey_farm056_bio1_tech1	ftp.sra.ebi.ac.uk/vol1/fastq/ERR439/000/ERR4398820/ERR4398820_1.fastq.gz;ftp.sra.ebi.ac.uk/vol1/fastq/ERR439/000/ERR4398820/ERR4398820_2.fastq.gz
ERR4398831	FR_turkey_farm512_bio1_tech1	ftp.sra.ebi.ac.uk/vol1/fastq/ERR439/001/ERR4398831/ERR4398831_1.fastq.gz;ftp.sra.ebi.ac.uk/vol1/fastq/ERR439/001/ERR4398831/ERR4398831_2.fastq.gz
ERR4398832	FR_turkey_farm514_bio1_tech1	ftp.sra.ebi.ac.uk/vol1/fastq/ERR439/002/ERR4398832/ERR4398832_1.fastq.gz;ftp.sra.ebi.ac.uk/vol1/fastq/ERR439/002/ERR4398832/ERR4398832_2.fastq.gz
ERR4398701	FR_turkey_farm504_bio1_tech1	ftp.sra.ebi.ac.uk/vol1/fastq/ERR439/001/ERR4398701/ERR4398701_1.fastq.gz;ftp.sra.ebi.ac.uk/vol1/fastq/ERR439/001/ERR4398701/ERR4398701_2.fastq.gz
ERR4398714	ES_turkey_farm050_bio1_tech1	ftp.sra.ebi.ac.uk/vol1/fastq/ERR439/004/ERR4398714/ERR4398714_1.fastq.gz;ftp.sra.ebi.ac.uk/vol1/fastq/ERR439/004/ERR4398714/ERR4398714_2.fastq.gz
ERR4398717	ES_turkey_farm052_bio1_tech1	ftp.sra.ebi.ac.uk/vol1/fastq/ERR439/007/ERR4398717/ERR4398717_1.fastq.gz;ftp.sra.ebi.ac.uk/vol1/fastq/ERR439/007/ERR4398717/ERR4398717_2.fastq.gz
ERR4398719	ES_turkey_farm047_bio1_tech1	ftp.sra.ebi.ac.uk/vol1/fastq/ERR439/009/ERR4398719/ERR4398719_1.fastq.gz;ftp.sra.ebi.ac.uk/vol1/fastq/ERR439/009/ERR4398719/ERR4398719_2.fastq.gz
ERR4398723	ES_turkey_farm056_bio1_tech1	ftp.sra.ebi.ac.uk/vol1/fastq/ERR439/003/ERR4398723/ERR4398723_1.fastq.gz;ftp.sra.ebi.ac.uk/vol1/fastq/ERR439/003/ERR4398723/ERR4398723_2.fastq.gz
ERR4398725	ES_turkey_farm054_bio1_tech1	ftp.sra.ebi.ac.uk/vol1/fastq/ERR439/005/ERR4398725/ERR4398725_1.fastq.gz;ftp.sra.ebi.ac.uk/vol1/fastq/ERR439/005/ERR4398725/ERR4398725_2.fastq.gz
ERR4398726	ES_turkey_farm053_bio1_tech1	ftp.sra.ebi.ac.uk/vol1/fastq/ERR439/006/ERR4398726/ERR4398726_1.fastq.gz;ftp.sra.ebi.ac.uk/vol1/fastq/ERR439/006/ERR4398726/ERR4398726_2.fastq.gz
ERR4398728	ES_turkey_farm059_bio1_tech1	ftp.sra.ebi.ac.uk/vol1/fastq/ERR439/008/ERR4398728/ERR4398728_1.fastq.gz;ftp.sra.ebi.ac.uk/vol1/fastq/ERR439/008/ERR4398728/ERR4398728_2.fastq.gz
ERR4398732	ES_turkey_farm049_bio1_tech1	ftp.sra.ebi.ac.uk/vol1/fastq/ERR439/002/ERR4398732/ERR4398732_1.fastq.gz;ftp.sra.ebi.ac.uk/vol1/fastq/ERR439/002/ERR4398732/ERR4398732_2.fastq.gz
ERR4398737	DE_turkey_farm043_bio1_tech1	ftp.sra.ebi.ac.uk/vol1/fastq/ERR439/007/ERR4398737/ERR4398737_1.fastq.gz;ftp.sra.ebi.ac.uk/vol1/fastq/ERR439/007/ERR4398737/ERR4398737_2.fastq.gz
ERR4398739	DE_turkey_farm045_bio1_tech1	ftp.sra.ebi.ac.uk/vol1/fastq/ERR439/009/ERR4398739/ERR4398739_1.fastq.gz;ftp.sra.ebi.ac.uk/vol1/fastq/ERR439/009/ERR4398739/ERR4398739_2.fastq.gz
ERR4398747	FR_veal_farm409_bio1_tech1	ftp.sra.ebi.ac.uk/vol1/fastq/ERR439/007/ERR4398747/ERR4398747_1.fastq.gz;ftp.sra.ebi.ac.uk/vol1/fastq/ERR439/007/ERR4398747/ERR4398747_2.fastq.gz
ERR4398751	FR_veal_farm413_bio1_tech1	ftp.sra.ebi.ac.uk/vol1/fastq/ERR439/001/ERR4398751/ERR4398751_1.fastq.gz;ftp.sra.ebi.ac.uk/vol1/fastq/ERR439/001/ERR4398751/ERR4398751_2.fastq.gz
ERR4398754	FR_veal_farm416_bio1_tech1	ftp.sra.ebi.ac.uk/vol1/fastq/ERR439/004/ERR4398754/ERR4398754_1.fastq.gz;ftp.sra.ebi.ac.uk/vol1/fastq/ERR439/004/ERR4398754/ERR4398754_2.fastq.gz
ERR4398761	DE_veal_farm052_bio1_tech1	ftp.sra.ebi.ac.uk/vol1/fastq/ERR439/001/ERR4398761/ERR4398761_1.fastq.gz;ftp.sra.ebi.ac.uk/vol1/fastq/ERR439/001/ERR4398761/ERR4398761_2.fastq.gz
ERR4398763	DE_veal_farm022_bio1_tech1	ftp.sra.ebi.ac.uk/vol1/fastq/ERR439/003/ERR4398763/ERR4398763_1.fastq.gz;ftp.sra.ebi.ac.uk/vol1/fastq/ERR439/003/ERR4398763/ERR4398763_2.fastq.gz
ERR4398772	NL_veal_farm107_bio1_tech1	ftp.sra.ebi.ac.uk/vol1/fastq/ERR439/002/ERR4398772/ERR4398772_1.fastq.gz;ftp.sra.ebi.ac.uk/vol1/fastq/ERR439/002/ERR4398772/ERR4398772_2.fastq.gz
ERR4398780	DE_turkey_farm043_bio1_tech2	ftp.sra.ebi.ac.uk/vol1/fastq/ERR439/000/ERR4398780/ERR4398780_1.fastq.gz;ftp.sra.ebi.ac.uk/vol1/fastq/ERR439/000/ERR4398780/ERR4398780_2.fastq.gz
ERR4398782	ES_turkey_farm055_bio2_tech1	ftp.sra.ebi.ac.uk/vol1/fastq/ERR439/002/ERR4398782/ERR4398782_1.fastq.gz;ftp.sra.ebi.ac.uk/vol1/fastq/ERR439/002/ERR4398782/ERR4398782_2.fastq.gz
ERR4398789	NL_veal_farm116_bio1_tech1	ftp.sra.ebi.ac.uk/vol1/fastq/ERR439/009/ERR4398789/ERR4398789_1.fastq.gz;ftp.sra.ebi.ac.uk/vol1/fastq/ERR439/009/ERR4398789/ERR4398789_2.fastq.gz
ERR4398793	DE_veal_farm021_bio1_tech1	ftp.sra.ebi.ac.uk/vol1/fastq/ERR439/003/ERR4398793/ERR4398793_1.fastq.gz;ftp.sra.ebi.ac.uk/vol1/fastq/ERR439/003/ERR4398793/ERR4398793_2.fastq.gz
ERR4398803	DE_veal_farm037_bio1_tech1	ftp.sra.ebi.ac.uk/vol1/fastq/ERR439/003/ERR4398803/ERR4398803_1.fastq.gz;ftp.sra.ebi.ac.uk/vol1/fastq/ERR439/003/ERR4398803/ERR4398803_2.fastq.gz
ERR4398805	DE_veal_farm039_bio1_tech1	ftp.sra.ebi.ac.uk/vol1/fastq/ERR439/005/ERR4398805/ERR4398805_1.fastq.gz;ftp.sra.ebi.ac.uk/vol1/fastq/ERR439/005/ERR4398805/ERR4398805_2.fastq.gz
ERR4398807	DE_veal_farm105_bio1_tech1	ftp.sra.ebi.ac.uk/vol1/fastq/ERR439/007/ERR4398807/ERR4398807_1.fastq.gz;ftp.sra.ebi.ac.uk/vol1/fastq/ERR439/007/ERR4398807/ERR4398807_2.fastq.gz
ERR4398813	FR_veal_farm406_bio1_tech1	ftp.sra.ebi.ac.uk/vol1/fastq/ERR439/003/ERR4398813/ERR4398813_1.fastq.gz;ftp.sra.ebi.ac.uk/vol1/fastq/ERR439/003/ERR4398813/ERR4398813_2.fastq.gz
ERR4398817	DE_turkey_farm052_bio1_tech1	ftp.sra.ebi.ac.uk/vol1/fastq/ERR439/007/ERR4398817/ERR4398817_1.fastq.gz;ftp.sra.ebi.ac.uk/vol1/fastq/ERR439/007/ERR4398817/ERR4398817_2.fastq.gz
ERR4398819	DE_turkey_farm055_bio1_tech1	ftp.sra.ebi.ac.uk/vol1/fastq/ERR439/009/ERR4398819/ERR4398819_1.fastq.gz;ftp.sra.ebi.ac.uk/vol1/fastq/ERR439/009/ERR4398819/ERR4398819_2.fastq.gz
ERR4398823	DE_turkey_farm059_bio1_tech1	ftp.sra.ebi.ac.uk/vol1/fastq/ERR439/003/ERR4398823/ERR4398823_1.fastq.gz;ftp.sra.ebi.ac.uk/vol1/fastq/ERR439/003/ERR4398823/ERR4398823_2.fastq.gz
ERR4398827	FR_turkey_farm503_bio1_tech1	ftp.sra.ebi.ac.uk/vol1/fastq/ERR439/007/ERR4398827/ERR4398827_1.fastq.gz;ftp.sra.ebi.ac.uk/vol1/fastq/ERR439/007/ERR4398827/ERR4398827_2.fastq.gz
ERR4398829	FR_turkey_farm506_bio1_tech1	ftp.sra.ebi.ac.uk/vol1/fastq/ERR439/009/ERR4398829/ERR4398829_1.fastq.gz;ftp.sra.ebi.ac.uk/vol1/fastq/ERR439/009/ERR4398829/ERR4398829_2.fastq.gz
